{
  "projectId": "",
  "configs": {
    "backend": {
      "databaseId": ""
    },
    "frontend": {
      "backendUrl": ""
    }
  },
  "configMaps": {
    "backend": [
      "apiKey",
      "databaseId",
      "uploadFolder"
    ],
    "frontend": [
      "apiKey",
      "backendUrl",
      "databaseId",
      "databaseGids"
    ]
  },
  "urlMaps": {
    "databaseId": [
      "db",
      "https://docs.google.com/spreadsheets/d/",
      "/edit"
    ]
  },
  "setupHooks": {
    "apiKey": [
      "Generate the API key",
      "randomStr"
    ],
    "databaseId": [
      "Create the database",
      "createDatabase"
    ],
    "uploadFolder": [
      "Create the upload folder",
      "driveCreateFolder"
    ]
  },
  "models": [
    "categories",
    "tags",
    "pages",
    "posts",
    "authors",
    "threads",
    "users",
    "options",
    "bundles",
    "audios",
    "videos",
    "products",
    "orders",
    "properties",
    "notifications",
    "promotions"
  ],
  "deployment": null
}